latitude,longitude,elevation
37.795170000000006,-122.39377,3.74
37.795280000000005,-122.39386,3.74
37.79534,-122.39378,3.33
37.79594500129333,-122.3943349954472,3.21
37.79655,-122.39489,3.12
37.796580000000006,-122.39495000000001,3.12
37.79724500468315,-122.39555748359751,3.3200000000000003
37.79791000624706,-122.39616497813226,3.22
37.798575004691585,-122.39677248360466,3.23
37.799240000000005,-122.39738000000001,3.37
37.799885006907566,-122.39795164170864,3.56
37.80053001105303,-122.39852329340071,3.49
37.80117501243627,-122.39909495507652,3.6500000000000004
37.80182001105718,-122.3996666267365,3.56
37.80246500691568,-122.40023830838098,3.6300000000000003
37.803110000000004,-122.40081,3.5500000000000003
37.80360500101429,-122.40127499697779,3.56
37.804100000000005,-122.40174,3.69
37.804480000000005,-122.40215,3.6600000000000006
37.804930000000006,-122.40273,3.73
37.80541333720676,-122.40340999104963,3.73
37.80589667050495,-122.40408999100006,3.68
37.806380000000004,-122.40477000000001,3.7
37.80667000136877,-122.40532499794858,3.69
37.806960000000004,-122.40588000000001,3.6600000000000006
37.80738,-122.40676,3.5700000000000003
37.807640000000006,-122.40757,3.8200000000000003
37.80792500194898,-122.408254997274,3.8200000000000003
37.80821,-122.40894000000002,3.8800000000000003
37.808220000000006,-122.409,4.07
37.80809,-122.40902000000001,4.3
37.80812,-122.40912000000002,4.34
37.80821500298417,-122.40995999893626,4.32
37.808310000000006,-122.41080000000001,4.260000000000001
37.80845500352924,-122.41171499814429,4.2700000000000005
37.808600000000006,-122.41263000000001,4.109999999999999
37.808580000000006,-122.41289,4.109999999999999
37.80844501555126,-122.41399750608316,4.140000000000001
37.80831002073421,-122.41510500811715,4.220000000000001
37.80817501554894,-122.4162125061017,4.140000000000001
37.808040000000005,-122.41732,4.17
37.807990000000004,-122.41747000000001,4.23
37.80785334301121,-122.41854000396098,4.17
37.807716676344455,-122.41961000396152,4.2
37.80758,-122.42068,4.17
37.80758,-122.42087000000001,4.180000000000001
37.807460000000006,-122.42184,4.03
37.807460000000006,-122.42214000000001,3.9000000000000004
37.80707500218452,-122.42284500352201,4.08
37.80669,-122.42355,4.34
37.806580000000004,-122.42396000000001,4.36
37.806560000000005,-122.42444,4.5200000000000005
37.80662,-122.42478000000001,4.5200000000000005
37.806850000000004,-122.42543,4.3500000000000005
37.80709,-122.42587,4.79
37.807100000000005,-122.42593000000001,4.79
37.80704,-122.42605,5.46
37.80722,-122.42623,5.49
37.807370000000006,-122.42632,5.12
37.807640000000006,-122.42643000000001,5.180000000000001
37.80762,-122.42651000000001,5.2700000000000005
37.80809,-122.42662000000001,4.87
37.80807,-122.42696000000001,4.930000000000001
37.80807,-122.42734000000002,5.74
37.808130000000006,-122.42807,13.240000000000002
37.808110000000006,-122.42833000000002,15.240000000000002
37.808060000000005,-122.42843,15.240000000000002
37.80772000073936,-122.4288350018098,19.470000000000002
37.80738,-122.42924000000001,23.840000000000003
37.80715,-122.42946,24.21
37.80682,-122.42960000000001,23.290000000000003
37.806520000000006,-122.42971000000001,22.080000000000002
37.806200000000004,-122.42996000000001,20.64
37.80604,-122.43004,20.009999999999998
37.8057,-122.43004,19.71
37.80559,-122.43008,19.22
37.805490000000006,-122.43021000000002,18.73
37.80532,-122.43075,16.650000000000002
37.80519,-122.43102,15.530000000000001
37.80512,-122.43109000000001,15.31
37.805,-122.43114000000001,14.92
37.80492,-122.43126000000001,13.770000000000001
37.80487,-122.43147,12.020000000000001
37.80489,-122.4316,9.55
37.804930000000006,-122.4317,9.55
37.80496,-122.43174,9.55
37.805080000000004,-122.43194000000001,8.100000000000001
37.805130000000005,-122.43194000000001,8.020000000000001
37.805240000000005,-122.43200000000002,7.7
37.80528,-122.43207000000001,7.540000000000001
37.8053,-122.43223,7.2700000000000005
37.80521500199583,-122.43291500068624,6.04
37.805130000000005,-122.43360000000001,5.5600000000000005
37.80518,-122.43390000000001,5.33
37.80561667060022,-122.43458332523133,4.3500000000000005
37.80605333725346,-122.43526665854353,3.87
37.806490000000004,-122.43595,3.87
37.80655,-122.43609000000001,3.86
37.80662,-122.43639,3.86
37.80662,-122.43665000000001,3.8100000000000005
37.80649334171555,-122.43764667019977,3.6100000000000003
37.80636667503437,-122.43864333698058,3.4800000000000004
37.80624,-122.43964000000001,3.5900000000000003
37.80612667371011,-122.44055333619966,3.5100000000000002
37.80601334036894,-122.44146666959607,3.39
37.8059,-122.44238000000001,3.4800000000000004
37.80579000245908,-122.44314500123933,3.37
37.80568,-122.44391000000002,3.2600000000000002
37.80557000938255,-122.44477000380472,3.41
37.80546001251328,-122.44563000504763,3.54
37.80535000939226,-122.4464900037286,3.68
37.805240000000005,-122.44735000000001,3.7800000000000002
37.80514,-122.44835,3.7900000000000005
37.805040000000005,-122.44872000000001,3.73
37.80489,-122.44951,3.8200000000000003
37.80475559259636,-122.45055668190966,3.75
37.80462117593229,-122.45160336000939,3.6400000000000006
37.80448675000789,-122.45265003429896,3.5
37.80435231482321,-122.45369670477814,3.41
37.804217870378345,-122.45474337144672,3.34
37.80408341667341,-122.45579003430446,3.4800000000000004
37.80394895370841,-122.45683669335112,3.5500000000000003
37.80381448148348,-122.45788334858646,3.4600000000000004
37.80368,-122.45893000000001,3.45
37.80362,-122.45892,3.45
37.8035,-122.45978000000001,3.4800000000000004
37.8034,-122.46007000000002,3.56
37.80332000000001,-122.46020000000001,3.56
37.803070000000005,-122.46052000000002,3.69
37.80293,-122.46079,3.62
37.80288,-122.46097,3.69
37.80286,-122.46116,3.69
37.8029825149248,-122.46224499458961,3.4200000000000004
37.80310501989891,-122.46332999277868,3.5900000000000003
37.80322751492229,-122.46441499456694,3.52
37.80335,-122.4655,3.4800000000000004
37.803490003530655,-122.4664149982148,3.75
37.803630000000005,-122.46733,4.48
37.80369,-122.46745000000001,4.540000000000001
37.803790000000006,-122.46755000000002,4.38
37.804100000000005,-122.46785000000001,4.2700000000000005
37.80443,-122.4681,4.140000000000001
37.80481,-122.46833000000001,3.96
37.805420000000005,-122.46860000000001,3.87
37.806180000000005,-122.46882000000001,4.050000000000001
37.806290000000004,-122.46887000000001,4.090000000000001
37.80632000000001,-122.46875000000001,3.9000000000000004
37.806740000000005,-122.46891000000001,3.8100000000000005
37.80707,-122.46909000000001,3.8100000000000005
37.807390000000005,-122.46934000000002,3.8300000000000005
37.807680000000005,-122.46959000000001,3.72
37.80791,-122.46984,3.72
37.808130000000006,-122.47012000000001,3.6300000000000003
37.808370000000004,-122.47050000000002,3.68
37.8085,-122.47077000000002,3.8300000000000005
37.808640000000004,-122.47111000000001,3.94
37.80875,-122.47155000000001,4.390000000000001
37.80877,-122.4719,5.010000000000001
37.80874,-122.47196000000001,5.010000000000001
37.80881,-122.47221,5.17
37.808890000000005,-122.47265000000002,5.64
37.808960000000006,-122.47315,6.010000000000001
37.80899,-122.47354000000001,6.180000000000001
37.808980000000005,-122.47415000000001,6.410000000000001
37.80906,-122.47487000000001,6.48
37.80922,-122.47558000000001,6.430000000000001
37.80931,-122.47586000000001,6.36
37.809490000000004,-122.47616000000001,6.17
37.81004,-122.47643000000001,6.300000000000001
37.8102,-122.47643000000001,6.300000000000001
37.81051,-122.47656,6.12
37.810430000000004,-122.47673,6.29
37.810340000000004,-122.47674,6.36
37.81027,-122.47673,6.36
37.81004,-122.47643000000001,6.300000000000001
37.809490000000004,-122.47616000000001,6.17
37.80931,-122.47586000000001,6.36
37.80922,-122.47558000000001,6.430000000000001
37.80906,-122.47487000000001,6.48
37.808980000000005,-122.47415000000001,6.410000000000001
37.80899,-122.47354000000001,6.180000000000001
37.808960000000006,-122.47315,6.010000000000001
37.808890000000005,-122.47265000000002,5.53
37.80881,-122.47221,5.17
37.80874,-122.47196000000001,5.010000000000001
37.80861,-122.47168,5.25
37.80836,-122.47133000000001,5.2700000000000005
37.8081,-122.47118,6.970000000000001
37.80747,-122.47105,12.55
37.807300000000005,-122.471,13.430000000000001
37.80715,-122.47091,14.05
37.80693,-122.47070000000001,17.16
37.80669,-122.47038,18.55
37.80657,-122.47024,20.580000000000002
37.806430000000006,-122.47011,23.44
37.806270000000005,-122.47002,23.44
37.80613,-122.46997,24.580000000000002
37.806020000000004,-122.46994000000001,25.84
37.805960000000006,-122.46997,26.45
37.80595,-122.46998,26.45
37.8059,-122.47003000000001,27.32
37.80601,-122.47014000000001,27.48
37.80646,-122.47109,32.040000000000006
37.80657,-122.47128000000001,34.49
37.806700000000006,-122.47141,35.74
37.806940000000004,-122.47151000000001,36.800000000000004
37.807080000000006,-122.47163,37.38
37.807550000000006,-122.47232000000001,38.3
37.80776,-122.4727,37.470000000000006
37.80781,-122.47281000000001,37.28
37.80781,-122.47303000000001,37.46
37.807700000000004,-122.47333,38.43000000000001
37.80772,-122.47346000000002,39.07
37.807880000000004,-122.47378,40.190000000000005
37.80796,-122.474,41.56
37.808170000000004,-122.47476,43.410000000000004
37.80819,-122.47512,45.33
37.808220000000006,-122.47519000000001,46.510000000000005
37.80832,-122.4753,46.580000000000005
37.808420000000005,-122.47533000000001,46.580000000000005
37.80854,-122.47543000000002,46.470000000000006
37.808600000000006,-122.47553,46.48
37.80863,-122.47564000000001,46.53
37.80863,-122.4758,47.18000000000001
37.808600000000006,-122.47593,47.68000000000001
37.80841,-122.47625000000001,50.160000000000004
37.80839,-122.47624,50.160000000000004
37.808490000000006,-122.47597,51.29
37.808460000000004,-122.47588,52.22
37.80839,-122.47584,52.22
37.80834,-122.47585000000001,52.22
37.80829000000001,-122.47590000000001,53.65
37.80825,-122.47607,53.65
37.80821,-122.47615,55.71
37.8081,-122.47629,56.7
37.808060000000005,-122.47629,56.7
37.808170000000004,-122.47641000000002,56.95
37.808490000000006,-122.47673,58.550000000000004
37.808800000000005,-122.47696,59.42000000000001
37.809140000000006,-122.47714,61.00000000000001
37.809340000000006,-122.47719000000001,61.00000000000001
37.80955,-122.47723,62.64
37.8104300002093,-122.47733599494896,65.31
37.811310000323644,-122.47744199242449,68.57000000000001
37.812190000342994,-122.47754799242668,71.15
37.81307000026736,-122.47765399495569,72.92000000000002
37.813950000000006,-122.47776,77.02000000000001
37.813950000000006,-122.47772,77.27000000000001
37.813970000000005,-122.47768,77.47000000000001
37.814040000000006,-122.47768,77.58000000000001
37.8141,-122.47772,77.55000000000001
37.8141,-122.47777,77.55000000000001
37.81493250012259,-122.4778649967871,77.31
37.815765000168874,-122.47795999571665,79.10000000000001
37.81659750013886,-122.47805499678886,80.44000000000001
37.81743,-122.47815000000001,81.24000000000001
37.81831777816594,-122.47825665640376,81.82000000000001
37.81920555623571,-122.47836331537297,82.0
37.820093334209304,-122.47846997690786,82.03
37.820981112086706,-122.4785766410085,81.71000000000001
37.821868889867936,-122.4786833076751,80.99000000000001
37.82275666755297,-122.47878997690778,80.03999999999999
37.82364444514182,-122.47889664870668,79.08000000000001
37.824532222634446,-122.47900332307196,77.36000000000001
37.82542,-122.47911,77.16000000000001
37.825430000000004,-122.47906,77.16000000000001
37.82547,-122.47902,77.22000000000001
37.825520000000004,-122.47902,77.21
37.825570000000006,-122.47906,77.02000000000001
37.82558,-122.47910000000002,77.02000000000001
37.8263900002058,-122.4791983279367,73.15
37.827200000329846,-122.47929665803194,70.89
37.82801000037215,-122.47939499028588,69.08
37.82882000033272,-122.47949332469865,66.26
37.82963000021151,-122.47959166127035,66.87
37.83044,-122.47969,69.38000000000001
37.830870000000004,-122.47977000000002,70.57000000000001
37.83128,-122.47988000000001,71.60000000000001
37.83166000000001,-122.48009,72.89000000000001
37.83205,-122.48036,73.99
37.83234,-122.48061000000001,75.12
37.832390000000004,-122.48067,75.29
37.83245,-122.48068,75.29
37.83256,-122.48081,76.04
37.83268,-122.48075000000001,76.37
37.83269000000001,-122.48063,76.78
37.83241,-122.48,77.00000000000001
37.8324,-122.47990000000001,77.00000000000001
37.8324,-122.47991,77.00000000000001
37.832440000000005,-122.47978,77.00000000000001
37.83252,-122.47967000000001,76.93
37.83258,-122.47964,76.93
37.83268,-122.47964,76.87
37.83279,-122.47973,76.87
37.8329,-122.47991,76.85
37.83306,-122.48025000000001,76.78
37.83325,-122.4809,77.09
37.83332,-122.48088000000001,77.12
37.83335,-122.48109000000001,76.96
37.83334,-122.48144,77.09
37.83326,-122.48157,77.35
37.83323,-122.48167000000001,77.35
37.83326,-122.48188,77.24
37.8333,-122.48202,77.2
37.83361,-122.4826,77.91000000000001
37.834,-122.48318,79.56
37.8342,-122.4834,79.92
37.8344,-122.48358,81.37
37.834680000000006,-122.48376,83.65
37.83494,-122.48385,84.24000000000001
37.83516,-122.4839,85.04
37.83556,-122.48385,85.23
37.83585,-122.48372,84.03
37.835890000000006,-122.48375000000001,83.64
37.836670000000005,-122.48323,77.85
37.836890000000004,-122.48309,75.62
37.83708,-122.48305,73.87
37.83731,-122.48301000000001,72.53000000000002
37.83769,-122.48303000000001,69.55
37.83829,-122.48309,65.55000000000001
37.838480000000004,-122.48306000000001,64.24000000000001
37.838730000000005,-122.48301000000001,62.470000000000006
37.83892,-122.48295000000002,60.84
37.83906,-122.48287,60.84
37.83906,-122.48286000000002,59.61
37.83939,-122.48255,56.61000000000001
37.839490000000005,-122.48242,55.96
37.83966,-122.48215,55.38
37.839800000000004,-122.48179,55.650000000000006
37.839850000000006,-122.48161,55.99
37.8399,-122.48125000000002,57.510000000000005
37.8399,-122.48085,58.88
37.839870002843135,-122.48002999967733,61.38
37.83984,-122.47921000000001,63.83000000000001
37.83988,-122.47893,64.44000000000001
37.83995,-122.47862,64.87
37.840070000000004,-122.47835,64.5
37.84019,-122.47817,63.83000000000001
37.84035,-122.47798000000002,62.910000000000004
37.84048000000001,-122.47785,61.78000000000001
37.84062,-122.47776,60.190000000000005
37.840810000000005,-122.47767,60.190000000000005
37.841,-122.47762000000002,56.17
37.841260000000005,-122.47759,56.17
37.841530000000006,-122.47764000000001,54.63
37.84213500040236,-122.47792999764356,49.09
37.842740000000006,-122.47822000000001,46.36000000000001
37.84308,-122.47831000000001,43.56
37.843450000000004,-122.4783,41.7
37.84403500019484,-122.47810000157769,36.87
37.844620000000006,-122.4779,35.24
37.84458,-122.47777,35.27
37.84451,-122.47776,35.25
37.84411,-122.4779,34.99
37.84386000000001,-122.47795,35.03000000000001
37.84331,-122.47804000000001,35.120000000000005
37.8432,-122.47804000000001,35.04
37.843090000000004,-122.47802000000001,35.04
37.84238500075373,-122.47762999633323,34.93
37.841680000000004,-122.47724000000001,36.18
37.84154,-122.47714,36.480000000000004
37.841460000000005,-122.47705,37.2
37.8414,-122.47696,37.50000000000001
37.84116,-122.47642,38.77
37.841060000000006,-122.47629,39.03
37.84093,-122.47615,39.580000000000005
37.840740000000004,-122.47598,40.040000000000006
37.84030000043897,-122.47572999860795,40.120000000000005
37.83986,-122.47548,39.64
37.83914,-122.47499,36.79
37.83852,-122.47428000000001,35.78000000000001
37.83813,-122.47406000000001,34.940000000000005
37.83796,-122.47391,34.39
37.837810000000005,-122.47373,33.760000000000005
37.837630000000004,-122.47342,33.36
37.83747,-122.47323000000002,33.1
37.837210000000006,-122.47310000000002,32.81
37.837030000000006,-122.47307,32.370000000000005
37.836870000000005,-122.47307,31.96
37.83673,-122.47311,31.040000000000003
37.836560000000006,-122.47324,30.21
37.836330000000004,-122.47346000000002,27.35
37.83621,-122.47356,26.6
37.836090000000006,-122.47374,25.25
37.83603,-122.47387,23.07
37.836000000000006,-122.47399000000001,23.07
37.835973341957896,-122.47500000075281,16.96
37.83594667529061,-122.47601000077553,12.59
37.83592,-122.47702000000001,6.36
37.835910000000005,-122.47719000000001,6.0200000000000005
37.83581,-122.47735000000002,5.64
37.835660000000004,-122.47746000000001,5.25
37.83512000090743,-122.4777966716271,5.0200000000000005
37.8345800008565,-122.47813333832546,4.9
37.83404,-122.47847000000002,5.0600000000000005
37.8339,-122.47857,5.12
37.833470000000005,-122.47828000000001,5.23
37.83276,-122.47825000000002,5.580000000000001
37.832640000000005,-122.47822000000001,5.580000000000001
37.83229,-122.47795,5.94
37.831970000000005,-122.47786,5.960000000000001
37.83184,-122.47789000000002,6.16
37.83175,-122.47794,6.16
37.83146,-122.47844,6.9
37.83135,-122.4787,7.19
37.831050000000005,-122.47915,10.620000000000001
37.830690000000004,-122.47955,14.17
37.830420000000004,-122.47979000000001,16.46
37.83034,-122.47991,19.19
37.830290000000005,-122.48005,21.470000000000002
37.8303,-122.48018,21.5
37.830400000000004,-122.48036,22.28
37.830650000000006,-122.4804,23.73
37.83071,-122.48045,26.45
37.83077,-122.48054,26.45
37.83084,-122.48072,28.180000000000003
37.83091,-122.48080000000002,28.180000000000003
37.831070000000004,-122.48081,31.040000000000003
37.8314,-122.48072,35.620000000000005
37.83155,-122.48073000000001,35.620000000000005
37.83165,-122.48091000000001,37.17
37.831680000000006,-122.48108,40.440000000000005
37.83167,-122.48117,40.440000000000005
37.831590000000006,-122.4813,42.5
37.83146,-122.48140000000001,42.5
37.831300000000006,-122.48148,45.87
37.83111,-122.48156000000002,47.59
37.830980000000004,-122.48157,48.6
37.83079,-122.48152,49.830000000000005
37.83053,-122.48138000000002,50.980000000000004
37.83041,-122.48134,51.410000000000004
37.830270000000006,-122.48134,52.27
37.830200000000005,-122.48139,52.97
37.83014,-122.48157,53.470000000000006
37.83016000000001,-122.48174000000002,54.64
37.830220000000004,-122.48184,55.39
37.83037,-122.48197,55.96
37.830890000000004,-122.48211,60.59
37.83158,-122.48234000000001,67.06
37.831900000000005,-122.48233,68.39
37.83229,-122.48227000000001,72.69
37.832460000000005,-122.4818,73.97000000000001
37.83245,-122.4818,74.81
37.832440000000005,-122.48166,74.84
37.83247,-122.48157,74.83000000000001
37.83247,-122.48139,74.73
37.832420000000006,-122.48120000000002,74.63
37.83225,-122.48095,74.58000000000001
37.832010000000004,-122.48072,73.28000000000002
37.83169,-122.48045,72.81
37.83144,-122.48027,72.07000000000001
37.83108,-122.48010000000001,70.87
37.830580000000005,-122.47997000000001,70.12
37.82974500020613,-122.47987166110306,68.36
37.82891000033048,-122.47977332443182,67.57000000000001
37.82807500037308,-122.47967498998611,69.75
37.82724000033395,-122.47957665776588,72.11
37.82640500021305,-122.47947832777093,74.96000000000001
37.825570000000006,-122.47938,79.30000000000001
37.82555,-122.47943000000001,79.59
37.825480000000006,-122.47946,79.96000000000001
37.8254,-122.47942,80.06
37.8254,-122.47937,80.0
37.82452833355019,-122.4792666605633,79.56
37.823656667010106,-122.47916332356775,80.39
37.82278500037975,-122.47905998901312,81.84
37.821913333659104,-122.47895665689933,82.56
37.8210416668482,-122.47885332722625,83.17
37.820170000000005,-122.47875,83.49000000000001
37.81929857169859,-122.47864856424523,83.4
37.818427143310196,-122.47854713088547,82.9
37.81755571483482,-122.47844569992063,82.32000000000001
37.81668428627246,-122.47834427135051,81.08000000000001
37.81581285762315,-122.478242845175,79.87
37.814941428886875,-122.47814142139404,78.34
37.81407,-122.47804000000001,78.32
37.814060000000005,-122.47809000000001,78.34
37.81401,-122.47812,78.29
37.81391,-122.47808,78.06
37.81392,-122.47803,77.88000000000001
37.81306000008075,-122.47792666425823,73.78000000000002
37.81220000007124,-122.4778233309238,71.95
37.81134,-122.47772,69.48
37.8104849999137,-122.47762999894516,66.31
37.809630000000006,-122.47754,63.99
37.80908,-122.4774,62.27
37.808710000000005,-122.47719000000001,61.38
37.80848,-122.47705,60.09
37.80796,-122.47663000000001,58.620000000000005
37.80789,-122.47678,57.150000000000006
37.807790000000004,-122.47687,56.150000000000006
37.807790000000004,-122.47691,56.150000000000006
37.80763,-122.47692,57.02
37.807460000000006,-122.477,57.7
37.80735,-122.477,58.2
37.80726000000001,-122.47696,58.34
37.80689,-122.47705,58.580000000000005
37.806380000000004,-122.47704000000002,59.480000000000004
37.80603,-122.47691,61.69
37.805670000000006,-122.47651,62.68
37.805580000000006,-122.47642,62.84
37.8055,-122.47643000000001,63.18
37.80509,-122.47670000000001,66.27000000000001
37.805060000000005,-122.47651,66.08
37.804930000000006,-122.47652000000001,66.41000000000001
37.80471,-122.47647,67.33
37.804750000000006,-122.47628000000002,67.98
37.8046,-122.4762,68.60000000000001
37.80451,-122.47610000000002,68.81
37.80445,-122.47598,69.08
37.804410000000004,-122.47567000000001,69.4
37.804120000000005,-122.47567000000001,70.25
37.803900000000006,-122.47571,71.96000000000001
37.803630000000005,-122.47583000000002,74.02
37.803175000231214,-122.47612000186577,77.46
37.80272,-122.47641000000002,79.92
37.802550000000004,-122.47651,80.93
37.80219,-122.47678,83.01
37.801770000000005,-122.47727,85.41000000000001
37.801500000000004,-122.47745,86.19
37.80109,-122.47761000000001,86.60000000000001
37.80075,-122.47781,87.11
37.800380000000004,-122.47812,87.94
37.80019,-122.47826,87.74000000000001
37.79968,-122.47835,85.37
37.799310000000006,-122.47844,83.15
37.79887500045317,-122.47866500120126,79.87
37.79844000000001,-122.47889,76.73
37.7982,-122.47897,75.75000000000001
37.797740000000005,-122.47879,72.07000000000001
37.79749,-122.47865000000002,69.89
37.7974,-122.47861,69.89
37.79724,-122.47866,68.55
37.797160000000005,-122.4787,67.07000000000001
37.79708,-122.47883000000002,66.29
37.79688,-122.47924,62.45
37.796730000000004,-122.47937,61.550000000000004
37.796130000000005,-122.47964,54.57000000000001
37.7958,-122.47973,50.53
37.795700000000004,-122.47978,50.53
37.79531,-122.48045,42.06
37.79522,-122.4805,41.25
37.79511,-122.48054,40.89
37.795010000000005,-122.48054,39.66
37.7943,-122.48043000000001,36.4
37.79406,-122.48044000000002,35.82000000000001
37.79386,-122.48047000000001,34.4
37.79339,-122.48073000000001,32.89
37.793290000000006,-122.48081,32.32
37.7931,-122.4809,31.310000000000002
37.792350000000006,-122.48102000000002,28.720000000000002
37.792210000000004,-122.48106000000001,28.57
37.79144500041119,-122.48131500259467,26.580000000000002
37.79068,-122.48157,24.75
37.78984000031141,-122.4818650033733,22.910000000000004
37.789,-122.48216000000001,20.8
37.78876,-122.48230000000001,20.240000000000002
37.78864,-122.48238,20.17
37.788410000000006,-122.48259000000002,19.89
37.788140000000006,-122.48291,20.71
37.78799,-122.48315000000001,20.630000000000003
37.787760000000006,-122.48376,23.340000000000003
37.7877,-122.48400000000001,24.17
37.78766,-122.4843,26.13
37.78761000925443,-122.4853466681735,32.120000000000005
37.7875600092501,-122.48639333493077,34.1
37.787510000000005,-122.48744,36.89000000000001
37.78662529438916,-122.48737645842066,41.13
37.785740588744176,-122.48731291836268,47.03
37.784855883065084,-122.48724937982595,46.53
37.783971177351866,-122.48718584281043,45.78
37.78308647160454,-122.48712230731603,45.34
37.7822017658231,-122.48705877334262,44.68000000000001
37.781317060007545,-122.48699524089015,44.7
37.780432354157874,-122.48693170995855,49.230000000000004
37.779547648274104,-122.48686818054769,51.980000000000004
37.77866294235623,-122.48680465265753,55.34
37.777778236404224,-122.48674112628798,56.45
37.776893530418135,-122.4866776014389,60.50000000000001
37.77600882439795,-122.48661407811026,62.92
37.775124118343655,-122.48655055630196,54.99
37.77423941225528,-122.48648703601394,51.17000000000001
37.773354706132785,-122.48642351724608,50.300000000000004
37.772470000000006,-122.48636,50.120000000000005
37.772510000000004,-122.48551,52.04
37.772535001398836,-122.48493500015128,52.99
37.772560000000006,-122.48436000000001,54.690000000000005
37.772470000000006,-122.48437000000001,54.84
37.772470000000006,-122.48427000000001,54.84
37.772290000000005,-122.48422000000001,55.010000000000005
37.77215,-122.48414000000001,55.330000000000005
37.77203,-122.48403,55.550000000000004
37.771980000000006,-122.48394,55.550000000000004
37.7719,-122.48367,56.080000000000005
37.77188,-122.48345,56.53
37.7719,-122.48273,58.75
37.771890000000006,-122.48237,60.77
37.77183,-122.48176000000001,64.31
37.77174,-122.48174000000002,65.19000000000001
37.77168,-122.48166,65.7
37.771510000000006,-122.48124000000001,67.24000000000001
37.771510000000006,-122.48123000000001,67.24000000000001
37.77138,-122.48094,68.26
37.771170000000005,-122.48058,69.05
37.77096,-122.48033000000001,69.36
37.77049,-122.47993000000001,70.04
37.770790000000005,-122.47911,73.78000000000002
37.77105000194094,-122.4784400022418,76.50000000000001
37.77131,-122.47777,77.9
37.77147,-122.47718,77.52000000000001
37.77161,-122.47649000000001,76.72000000000001
37.77168,-122.47602,75.92
37.7717,-122.47544,75.48
37.77167,-122.47513000000001,75.37
37.77141,-122.47438000000001,75.51
37.77122,-122.47392,75.84
37.77122,-122.47391,75.84
37.77111,-122.47399000000001,76.02
37.771060000000006,-122.47409,76.16000000000001
37.771040000000006,-122.47415000000001,76.16000000000001
37.771040000000006,-122.47454,77.17
37.77107,-122.47507000000002,78.87
37.77116,-122.47556000000002,81.86
37.77113000000001,-122.47575,82.28
37.771,-122.4762,83.98000000000002
37.77096,-122.47646,84.36
37.77085,-122.47681000000001,85.45000000000002
37.77078,-122.47719000000001,85.92
37.77071,-122.47745,86.14
37.770610000000005,-122.47763,86.05
37.77055,-122.47767,85.87
37.770410000000005,-122.47777,85.8
37.7702,-122.47781,86.24000000000001
37.76974999997055,-122.47774499959762,87.35000000000001
37.7693,-122.47768,88.16
37.76897,-122.47754,88.25000000000001
37.76876,-122.4775,88.16
37.76856,-122.47754,87.9
37.76838,-122.47763,87.43
37.768190000000004,-122.47767,86.62
37.76807,-122.47767,86.33
37.767860000000006,-122.47764000000001,85.89
37.767610000000005,-122.47758,85.66000000000001
37.76753,-122.47754,85.66000000000001
37.767410000000005,-122.47739000000001,85.60000000000001
37.76742,-122.47741,85.60000000000001
37.76737,-122.47714,85.44
37.767410000000005,-122.47695000000002,85.01
37.76744,-122.47643000000001,83.05000000000001
37.767430000000004,-122.47611,82.74000000000001
37.76738,-122.4757,83.05000000000001
37.76737,-122.47544,83.75
37.76727,-122.47463,86.77000000000001
37.76728000000001,-122.47445,87.26
37.767320000000005,-122.47423,87.16
37.767320000000005,-122.47406000000001,86.54
37.76711,-122.47344000000001,82.95
37.76704,-122.47333,82.7
37.767140000000005,-122.47311,82.99000000000001
37.76724,-122.47294000000001,82.99000000000001
37.76737,-122.47279,83.05000000000001
37.767520000000005,-122.47268000000001,83.03
37.767590000000006,-122.47275,83.11
37.76787,-122.47279,85.23
37.76836,-122.47279,87.25
37.768480000000004,-122.47275,87.52
37.768640000000005,-122.47267000000001,87.81000000000002
37.7689,-122.47244,87.9
37.769020000000005,-122.4723,87.89000000000001
37.76923,-122.47200000000001,87.83
37.76948,-122.47158,87.67000000000002
37.769600000000004,-122.47145,87.65
37.76972000000001,-122.47145,87.65
37.76979,-122.47146000000001,87.65
37.76984,-122.47154,87.61
37.76986,-122.47171000000002,87.60000000000001
37.76977,-122.47217,87.71000000000001
37.769650000000006,-122.47311,87.99000000000001
37.769510000000004,-122.47388000000001,88.29
37.76953,-122.47414,88.74000000000001
37.76959,-122.47436,89.26
37.76966,-122.47458,89.48
37.769760000000005,-122.47477,89.23
37.770010000000006,-122.47517,88.03000000000002
37.77006,-122.4753,87.92000000000002
37.77022,-122.47615,87.89000000000001
37.77029,-122.47626000000001,87.52
37.77037,-122.47633,86.92000000000002
37.770520000000005,-122.47633,86.06000000000002
37.77074,-122.47629,85.60000000000001
37.77096,-122.47619000000002,83.98000000000002
37.771,-122.4762,83.98000000000002
37.77113000000001,-122.47575,82.28
37.77116,-122.47556000000002,81.86
37.77107,-122.47507000000002,78.87
37.771040000000006,-122.47454,77.17
37.771040000000006,-122.47415000000001,76.16000000000001
37.771060000000006,-122.47409,76.16000000000001
37.77111,-122.47399000000001,76.02
37.77122,-122.47391,75.85
37.77104000118254,-122.47337999869714,75.37
37.770860000000006,-122.47285000000001,74.21000000000001
37.77074,-122.47239,73.59
37.77071,-122.47221,72.79
37.770700000000005,-122.47201000000001,72.13
37.77073,-122.47186,71.85000000000001
37.770880000000005,-122.47141,70.88000000000001
37.77111,-122.47097000000001,70.81000000000002
37.771350000000005,-122.47058000000001,71.26
37.7716750008887,-122.47011000213043,72.57000000000001
37.772000000000006,-122.46964000000001,73.61000000000001
37.772220000000004,-122.46927000000001,74.13
37.77232,-122.46903,74.35
37.772420000000004,-122.46871000000002,74.35
37.772490000000005,-122.46827,74.59
37.77252,-122.468,74.63
37.772560000000006,-122.46677000000001,74.46000000000001
37.77257,-122.46658000000001,74.34
37.77252,-122.46648,74.29
37.772540000000006,-122.46600000000001,73.39000000000001
37.772560000000006,-122.46591000000001,73.39000000000001
37.77252,-122.46577,73.26
37.77252,-122.46576,73.78000000000002
37.77257,-122.46528,73.55
37.772510000000004,-122.46493000000001,73.49
37.77241,-122.46446000000002,73.50000000000001
37.77224500160665,-122.46385499887039,73.68
37.77208,-122.46325000000002,73.96000000000001
37.77192500146859,-122.46265499864819,74.43
37.771770000000004,-122.46206000000001,74.68
37.77161334139768,-122.46108332921808,74.81
37.77145667473476,-122.4601066625748,74.81
37.771300000000004,-122.45913000000002,74.99
37.7712,-122.45911000000001,74.9
37.77109,-122.45891,74.62
37.77109,-122.45856,74.52
37.771,-122.45767000000001,75.4
37.77087,-122.45672,76.39
37.77076,-122.45614,75.42
37.77073,-122.45587,75.54
37.77065,-122.45567000000001,75.74
37.7706,-122.45587,75.17
37.77051,-122.45636,74.87
37.77042,-122.45659,75.15
37.770300000000006,-122.45681,75.46
37.76995,-122.45727000000001,75.22000000000001
37.76964,-122.45775,75.27
37.769560000000006,-122.45734000000002,75.12
37.76941,-122.4569,75.12
37.769270000000006,-122.45662000000002,74.95
37.76908,-122.45632,74.98
37.768910000000005,-122.45615000000001,74.96000000000001
37.76887,-122.45582000000002,75.25000000000001
37.76887,-122.45569,75.25000000000001
37.76903,-122.45473000000001,77.22000000000001
37.76899,-122.45466,77.49
37.76896,-122.45457,77.49
37.768930000000005,-122.45428000000001,78.30000000000001
37.768950000000004,-122.45400000000001,79.45
37.769000000000005,-122.4539,80.26
37.7691,-122.45375000000001,81.65
37.769070000000006,-122.45366000000001,81.52000000000001
37.769212431275946,-122.45258356257212,81.52000000000001
37.76935485276052,-122.45150712099766,81.52000000000001
37.769497264453626,-122.45043067527692,81.52000000000001
37.769639666355204,-122.44935422541009,81.52000000000001
37.76978205846514,-122.44827777139746,81.52000000000001
37.76992444078335,-122.44720131323925,81.52000000000001
37.77006681330976,-122.44612485093573,81.52000000000001
37.77020917604426,-122.44504838448714,81.52000000000001
37.770351528986794,-122.4439719138937,51.09
37.770493872137244,-122.4428954391557,51.09
37.77063620549553,-122.4418189602734,51.09
37.77077852906157,-122.44074247724699,51.09
37.77092084283528,-122.43966599007675,51.09
37.77106314681655,-122.43858949876292,51.09
37.77120544100532,-122.43751300330578,51.09
37.771347725401476,-122.43643650370552,51.09
37.77149,-122.43536000000002,51.09
37.77169,-122.43376,47.49
37.77182835874115,-122.43266334359024,47.68000000000001
37.7719667073194,-122.43156668307638,48.42
37.772105045734676,-122.4304700184588,49.24
37.77224337398689,-122.42937334973772,52.34
37.772381692075946,-122.4282766769134,53.300000000000004
37.77252,-122.42718,55.09
37.77205,-122.42708,52.21000000000001
37.771355000208395,-122.42693999870939,48.59
37.77066000000001,-122.42680000000001,48.540000000000006
37.770765002884566,-122.4259750011021,41.92
37.77087,-122.42515000000002,31.93
37.770770000000006,-122.42489,31.41
37.77067,-122.42470000000002,30.7
37.770610000000005,-122.42466,30.7
37.77033,-122.42461000000002,30.38
37.769583333400924,-122.42453333178695,28.82
37.76883666675216,-122.42445666512212,23.26
37.76809,-122.42438000000001,18.160000000000004
37.768240000000006,-122.4244,18.930000000000003
37.76740000007711,-122.42431749718786,16.96
37.766560000096696,-122.42423499624996,16.34
37.76572000005879,-122.42415249718616,17.68
37.764880000000005,-122.42407000000001,19.22
37.76494500469974,-122.42301500097086,17.35
37.765010000000004,-122.42196000000001,15.290000000000001
37.76491,-122.42196000000001,15.410000000000002
37.76497669145811,-122.42087667155832,13.02
37.76504337299949,-122.419793341163,10.71
37.7651100446241,-122.41871000881434,9.36
37.7651767063319,-122.41762667451262,8.07
37.76524335812283,-122.41654333825814,6.840000000000001
37.76531000000001,-122.41546000000001,6.800000000000001
37.76537717506252,-122.41433286328231,6.99
37.76544433939001,-122.41320572451723,7.87
37.765511492982434,-122.4120785837051,12.900000000000002
37.76557863583973,-122.41095144084622,18.070000000000004
37.765645767961864,-122.40982429594092,21.71
37.7657128893488,-122.40869714898953,19.91
37.76578000000001,-122.40757,17.910000000000004
37.765848602501386,-122.4064628633008,13.240000000000002
37.76591719464528,-122.40535572454779,9.63
37.76598577643165,-122.40424858374124,7.7
37.766054347860425,-122.40314144088146,6.450000000000001
37.76612290893159,-122.40203429596876,5.970000000000001
37.76619145964509,-122.40092714900344,5.5
37.76626,-122.39982,5.46
37.765750000000004,-122.39975000000001,5.82
37.764970000000005,-122.39967000000001,7.1000000000000005
37.76502000778133,-122.39871000141378,7.430000000000001
37.765070007775314,-122.39775000152943,7.72
37.76512,-122.39679000000001,7.5200000000000005
37.76518500392578,-122.39582500097534,7.23
37.76525,-122.39486000000001,7.090000000000001
37.764540000000004,-122.3948,9.71
37.763980000000004,-122.39475000000002,12.47
37.76402000257907,-122.39397000025296,12.430000000000001
37.76406,-122.39319,13.38
37.76411500202777,-122.39250000030852,12.05
37.76417,-122.39181,8.66
37.76331000007382,-122.39172333131899,10.360000000000001
37.762450000084186,-122.39163666465339,12.23
37.761590000000005,-122.39155000000001,13.340000000000002
37.76165000844936,-122.39055000162601,13.8
37.76171000844915,-122.38955000162956,14.640000000000002
37.761770000000006,-122.38855000000001,9.23
37.7618,-122.38782,6.91
37.76182,-122.38769,6.65
37.76228000004086,-122.38773499972329,5.83
37.76274,-122.38778,5.12
37.76333500007065,-122.3878449994829,4.4
37.76393,-122.38791,4.12
37.76402,-122.38790000000002,4.109999999999999
37.764410000000005,-122.38792000000001,4.109999999999999
37.764430000000004,-122.38784000000001,3.99
37.76447,-122.38777,3.99
37.7651000013198,-122.38723000452465,3.7800000000000002
37.765730000000005,-122.38669000000002,3.7900000000000005
37.76631000039843,-122.38641000216352,3.69
37.766890000000004,-122.38613000000001,3.54
37.76773750009235,-122.38620749733695,3.54
37.768585000133946,-122.38628499645019,3.54
37.769432500124786,-122.3863624973398,3.0300000000000002
37.77028,-122.38644000000001,3.0300000000000002
37.770270000000004,-122.38644000000001,3.0300000000000002
37.770860000000006,-122.38648,2.82
37.7712,-122.38658000000001,2.84
37.77177000025362,-122.38682499811132,2.97
37.77234,-122.38707000000001,2.97
37.773,-122.38737,3.3200000000000003
37.77313,-122.38736000000002,3.4000000000000004
37.773230000000005,-122.38746,3.4000000000000004
37.773830000000004,-122.38750000000002,3.2900000000000005
37.77384,-122.38740000000001,3.4400000000000004
37.7745,-122.38746,3.49
37.77498999992651,-122.38748499983043,3.39
37.77548,-122.38751,3.5900000000000003
37.775510000000004,-122.38743000000001,3.5500000000000003
37.77608,-122.38747000000001,3.8200000000000003
37.776230000000005,-122.38741000000002,3.8200000000000003
37.776340000000005,-122.38741000000002,3.85
37.7766,-122.38751,3.7700000000000005
37.77664,-122.38756000000001,3.5
37.776610000000005,-122.38849,3.2600000000000002
37.776540000000004,-122.38943,3.5900000000000003
37.776500000000006,-122.38966,3.7
37.77649,-122.38991000000001,4.0200000000000005
37.77709,-122.39037,3.95
37.777190000000004,-122.39043000000001,3.89
37.7775700079862,-122.38945667672417,3.69
37.77795000796641,-122.38848334344172,3.5
37.778330000000004,-122.38751,3.5
37.77828,-122.38761000000001,3.49
37.778330000000004,-122.38751,3.49
37.77909000003419,-122.38757999855996,3.5100000000000002
37.77985000002697,-122.3876499985593,3.58
37.78061,-122.38772000000002,3.8300000000000005
37.78117,-122.38778,3.7700000000000005
37.78155,-122.388,3.67
37.781560000000006,-122.38806000000001,3.67
37.78242,-122.38804,3.6400000000000006
37.782904999878674,-122.38798000041062,3.5500000000000003
37.783390000000004,-122.38792000000001,3.72
37.78461,-122.38782,3.7800000000000002
37.785396666676576,-122.38775333475495,3.7700000000000005
37.7861833333156,-122.38768666809065,3.7700000000000005
37.786970000000004,-122.38762000000001,3.8200000000000003
37.78717,-122.38759,3.8200000000000003
37.787440000000004,-122.38759,3.9000000000000004
37.78774000000001,-122.38759,4.08
37.78849,-122.38773,3.94
37.78904,-122.38791,4.03
37.78925,-122.388,4.03
37.78945,-122.38813,3.96
37.78971000000001,-122.38837000000001,3.7900000000000005
37.789640000000006,-122.38841000000001,4.0
37.789750000000005,-122.38850000000001,3.98
37.79029000196648,-122.38916999518983,4.17
37.79083,-122.38984,4.16
37.79113,-122.39014000000002,3.99
37.79144,-122.39035000000001,3.97
37.791430000000005,-122.39034000000001,3.97
37.792080000000006,-122.39064,3.8800000000000003
37.792460000000005,-122.39090000000002,3.71
37.79254,-122.39097000000001,3.7900000000000005
